CIM一级分类,CIM二级分类,CIM三级分类,ID,Location,所属园区名称,建筑名称,建设阶段,模型精度
时空基础数据,三维模型,建筑三维模型,IFC,"60461.871337890625,255312.5732421875,14086.000000000002",国际金融交流中心,国际金融交流中心,CProgress-A,CIM3
时空基础数据,三维模型,建筑三维模型,JingxingDS,"63617.816162109375,235365.5029296875,24450",景兴海上大厦,景兴海上大厦,CProgress-E,CIM3
时空基础数据,三维模型,建筑三维模型,JingxingSquare_U02,"63489.34937000158,213718.89650002122,13441",景兴海上广场,景兴海上广场二期,CProgress-E,CIM3
时空基础数据,三维模型,建筑三维模型,JingxingSquare_U01,"63139.56564742257,226286.1445050221,17708",景兴海上广场,景兴海上广场一期,CProgress-E,CIM3
时空基础数据,三维模型,建筑三维模型,ChowTF_FC_T01,"90158.94775000052,200804.296900006,17436",前海周大福金融大厦,前海周大福金融大厦1栋,CProgress-E,CIM3
时空基础数据,三维模型,建筑三维模型,ChowTF_HSBC,"91775.48827999854,192522.11910001934,10744",前海周大福金融大厦,汇丰银行大楼,CProgress-E,CIM3
时空基础数据,三维模型,建筑三维模型,Tencent_T01,"113382.71480000112,264767.74900001474,24143",腾讯数码大厦,腾讯数码大厦1号楼,CProgress-E,CIM3
时空基础数据,三维模型,建筑三维模型,Tencent_T02,"110232.80684569618,247517.5622298848,15580.000000000002",腾讯数码大厦,腾讯数码大厦2号楼,CProgress-E,CIM3
时空基础数据,三维模型,建筑三维模型,ZhongyingZhongliang_T01,"120825.92769999756,263468.48140000366,17965",中英人寿大厦（中粮）,中英人寿大厦（中粮）1号楼,CProgress-E,CIM3
时空基础数据,三维模型,建筑三维模型,ZhongyingZhongliang_T02,"127618.39599999948,264528.5645000171,20060",中英人寿大厦（中粮）,中英人寿大厦（中粮）2号楼,CProgress-E,CIM3
时空基础数据,三维模型,建筑三维模型,Huaqiang_T03,"128272.15788253234,250328.4514275845,19000",华强金融大厦,华强金融大厦3,CProgress-A,CIM3
时空基础数据,三维模型,建筑三维模型,Xinhua,"121604.47861121502,249689.58502123132,16804",新华人寿大厦,新华人寿大厦,CProgress-E,CIM3
时空基础数据,三维模型,建筑三维模型,PinganCB,"126472.30219982448,231854.23639500514,22885",前海交易广场,平安信用卡大厦6C,CProgress-E,CIM5
时空基础数据,三维模型,建筑三维模型,Trans_T1A,"107979.79739999864,212281.3721000217,6752",前海交易广场,前海交易广场1A,CProgress-E,CIM5
时空基础数据,三维模型,建筑三维模型,Trans_T1B,"114551.83110000216,212439.40429999493,7970.999999999999",前海交易广场,前海交易广场1B,CProgress-E,CIM5
时空基础数据,三维模型,建筑三维模型,Trans_T1C,"110577.417000063,219248.71344007552,22885",前海交易广场,前海交易广场1C,CProgress-E,CIM5
时空基础数据,三维模型,建筑三维模型,Trans_T2A,"122719.03317863471,212591.72360002995,8631",前海交易广场,前海交易广场2A,CProgress-E,CIM5
时空基础数据,三维模型,建筑三维模型,Trans_T2B,"125875.32960000099,219128.02729997784,4674",前海交易广场,前海交易广场2B,CProgress-E,CIM5
时空基础数据,三维模型,建筑三维模型,Trans_T5A,"113390.50240486977,236318.1869124528,10398",前海交易广场,前海交易广场5A,CProgress-E,CIM5
时空基础数据,三维模型,建筑三维模型,Trans_T6A,"127994.95849999948,237803.61330001615,7734.999999999999",前海交易广场,前海交易广场6A,CProgress-E,CIM5
时空基础数据,三维模型,建筑三维模型,Trans_T6B,"121637.98829999869,237726.31839998066,8839",前海交易广场,前海交易广场6B,CProgress-E,CIM5
时空基础数据,三维模型,建筑三维模型,Huarun_T01,"135269.11620000028,196506.6039999947,1040",前海华润金融中心,前海华润金融中心1,CProgress-E,CIM3
时空基础数据,三维模型,建筑三维模型,Huarun_T02,"135269.11620000028,200744.4213999901,1365",前海华润金融中心,前海华润金融中心2,CProgress-E,CIM3
时空基础数据,三维模型,建筑三维模型,Huarun_TT2,"109160.74219999718,203421.00829998963,22433",前海华润金融中心,前海华润金融中心T2栋,CProgress-E,CIM3
时空基础数据,三维模型,建筑三维模型,Huarun_TT1,"124299.75589999813,202902.3314999882,28560.000000000004",前海华润金融中心,前海华润金融中心T1栋,CProgress-E,CIM3
时空基础数据,三维模型,建筑三维模型,Huarun_MIXC,"129198.71591881965,202471.57724001445,2880",前海华润金融中心,万象前海购物中心,CProgress-E,CIM3
时空基础数据,三维模型,建筑三维模型,Huarun_TT3,"105934.69240000122,191140.4418999795,15102.000000000002",前海华润金融中心,前海华润金融中心T3栋,CProgress-E,CIM3
时空基础数据,三维模型,建筑三维模型,Huarun_TT4,"114636.57230000244,190814.6972999908,19329",前海华润金融中心,前海华润金融中心T4栋,CProgress-E,CIM3
时空基础数据,三维模型,建筑三维模型,Huarun_TT5,"128934.36280000024,191571.60640000366,24135",前海华润金融中心,前海华润金融中心T5栋,CProgress-E,CIM3
时空基础数据,三维模型,建筑三维模型,Zhuoyue_U01,"129301.63569999859,184594.15279999375,19188",前海卓越金融中心,前海卓越金融中心一期,CProgress-E,CIM3
时空基础数据,三维模型,建筑三维模型,Zhuoyue_U02T02,"106565.99120006431,172572.92479998432,19719",前海卓越金融中心,前海卓越金融中心二期2栋,CProgress-E,CIM3
时空基础数据,三维模型,建筑三维模型,Zhuoyue_U01TT5,"121989.28220000234,183997.8027000092,2208",前海卓越金融中心,前海卓越金融中心1号T5栋,CProgress-E,CIM3
时空基础数据,三维模型,建筑三维模型,Zhuoyue_T01,"105678.80225249683,183169.67115383595,30283",前海卓越金融中心,前海卓越金融中心1栋,CProgress-E,CIM3
时空基础数据,三维模型,建筑三维模型,Zhuoyue_T31,"114958.59380000038,183587.97610001639,21531",前海卓越金融中心,前海卓越金融中心31栋,CProgress-E,CIM3
时空基础数据,三维模型,建筑三维模型,Zhuoyue_U01TT6,"122378.85740000056,173431.83590001427,1701.0000000000002",前海卓越金融中心,前海卓越金融中心1号T6栋,CProgress-E,CIM3
时空基础数据,三维模型,建筑三维模型,Zhuoyue_U01T04,"115593.29201868968,172301.94562813267,11799",前海卓越金融中心,前海卓越金融中心一期4栋,CProgress-E,CIM3
时空基础数据,三维模型,建筑三维模型,Zhuoyue_T08,"129499.2797999992,173319.26270001568,19188",前海卓越金融中心,前海卓越金融中心8栋,CProgress-E,CIM3
时空基础数据,三维模型,建筑三维模型,Hongyi_T02,"106657.14109999826,151650.51270001568,14902.000000000002",弘毅大厦,弘毅大厦二栋,CProgress-E,CIM3
时空基础数据,三维模型,建筑三维模型,Hongyi_T01,"108433.15430000075,163089.94140001014,12492",弘毅大厦,弘毅大厦一栋,CProgress-E,CIM3
时空基础数据,三维模型,建筑三维模型,QHDS_TT1,"115687.90000000154,161577.19999998808,16037",前海大厦,前海大厦T1栋,CProgress-E,CIM3
时空基础数据,三维模型,建筑三维模型,QHDS_TT2,"115687.90000000154,152959.20000001788,10843",前海大厦,前海大厦T2栋,CProgress-E,CIM3
时空基础数据,三维模型,建筑三维模型,Minsheng_U01,"129164.0000000014,161835.0000000093,19330",民生互联网大厦,民生互联网大厦民生电商1号,CProgress-E,CIM5
时空基础数据,三维模型,建筑三维模型,Minsheng_U02,"130232.0000000007,151844.79999998584,15069.999999999998",民生互联网大厦,民生互联网大厦民生电商2号,CProgress-E,CIM5
时空基础数据,三维模型,建筑三维模型,Minsheng_U03,"128863.29999999725,142190.4999999795,8800",民生互联网大厦,民生互联网大厦民生电商3号,CProgress-E,CIM5
时空基础数据,三维模型,建筑三维模型,Shenye_T01,"155514.51613742393,330775.35892804153,9560",深业住宅,深业住宅1栋,CProgress-C,CIM3
时空基础数据,三维模型,建筑三维模型,Shenye_T02,"155547.3621031735,322935.2427906357,9560",深业住宅,深业住宅2栋,CProgress-C,CIM3
时空基础数据,三维模型,建筑三维模型,Shenye_T03,"155817.92547631194,314572.5092455745,11150",深业住宅,深业住宅3栋,CProgress-C,CIM3
时空基础数据,三维模型,建筑三维模型,Shenye_T04,"150968.69999989285,310242.24714250304,10220",深业住宅,深业住宅4栋,CProgress-C,CIM3
时空基础数据,三维模型,建筑三维模型,Shenye_T05,"148678.12484137248,321886.6092456039,10594",深业住宅,深业住宅5栋,CProgress-C,CIM3
时空基础数据,三维模型,建筑三维模型,Shenye_T06,"151383.44097859808,336874.49809499085,2118",深业住宅,深业住宅6栋,CProgress-C,CIM3
时空基础数据,三维模型,建筑三维模型,Shenye_T07,"145635.39936507586,330266.06327993795,3076",深业住宅,深业住宅7栋,CProgress-C,CIM3
时空基础数据,三维模型,建筑三维模型,Shenye_T08,"144862.68757928628,314207.4465075508,10584",深业住宅,深业住宅8栋,CProgress-C,CIM3
时空基础数据,三维模型,建筑三维模型,Tianjian_T01,"163481.30000000237,321651.39999999665,16108.9",天健住宅,天健住宅1栋,CProgress-C,CIM3
时空基础数据,三维模型,建筑三维模型,Tianjian_T02,"169143.09999999823,321939.60000001825,16737.3",天健住宅,天健住宅2栋,CProgress-C,CIM3
时空基础数据,三维模型,建筑三维模型,Tianjian_T03,"169028.9999999979,327984.5999999903,16624.899999999998",天健住宅,天健住宅3栋,CProgress-C,CIM3
时空基础数据,三维模型,建筑三维模型,Tianjian_T04,"168936.49999999907,333849.5000000112,13787.7",天健住宅,天健住宅4栋,CProgress-C,CIM3
时空基础数据,三维模型,建筑三维模型,Tianjian_T05,"162379.49999999837,335884.2000000179,9018.24",天健住宅,天健住宅5栋,CProgress-C,CIM3
时空基础数据,三维模型,建筑三维模型,Yueguifu_T01,"162346.86279296875,315489.306640625,2397",天健悦桂府,天健悦桂府1栋,CProgress-E,CIM3
时空基础数据,三维模型,建筑三维模型,Yueguifu_T02,"168584.80224609375,315146.923828125,14811.000000000002",天健悦桂府,天健悦桂府2栋,CProgress-E,CIM3
时空基础数据,三维模型,建筑三维模型,Yueguifu_T03,"169096.42333984375,310908.1787109375,1935.0000000000002",天健悦桂府,天健悦桂府3栋,CProgress-E,CIM3
时空基础数据,三维模型,建筑三维模型,Yueguifu_T04,"163919.9563721195,310019.18684644625,14909",天健悦桂府,天健悦桂府4栋,CProgress-E,CIM3
时空基础数据,三维模型,建筑三维模型,Fengtou_East,"153064.208984375,298353.1005859375,9798",中国国有资本风投大厦,中国国有资本风投大厦东座,CProgress-E,CIM3
时空基础数据,三维模型,建筑三维模型,Fengtou_West,"144021.09380000038,298220.7763671875,25170",中国国有资本风投大厦,中国国有资本风投大厦西座,CProgress-E,CIM3
时空基础数据,三维模型,建筑三维模型,Taiping,"145359.90627409192,274799.66970211826,19192",前海太平金融大厦,前海太平金融大厦,CProgress-E,CIM3
时空基础数据,三维模型,建筑三维模型,Minhua,"153881.43256898038,276036.20463870466,15188",敏华控股大厦,敏华控股大厦,CProgress-E,CIM3
时空基础数据,三维模型,建筑三维模型,Unit4School_T01,"163583.251953125,275488.2568359375,3411.9999999999995",四单元学校,四单元学校1栋,CProgress-C,CIM3
时空基础数据,三维模型,建筑三维模型,Unit4School_T02,"169383.0810546875,274187.98828125,3833",四单元学校,四单元学校2栋,CProgress-C,CIM3
时空基础数据,三维模型,建筑三维模型,Unit4School_T03,"163629.87060546875,292941.21090001427,2976",四单元学校,四单元学校3栋,CProgress-C,CIM3
时空基础数据,三维模型,建筑三维模型,Unit4School_T04,"170057.09228515625,293126.7333984375,2829",四单元学校,四单元学校4栋,CProgress-C,CIM3
时空基础数据,三维模型,建筑三维模型,Unit4School_T05,"163510.70556640625,296333.837890625,3358",四单元学校,四单元学校5栋,CProgress-C,CIM3
时空基础数据,三维模型,建筑三维模型,Unit4School_T06,"169693.3349609375,297131.396484375,3472",四单元学校,四单元学校6栋,CProgress-C,CIM3
时空基础数据,三维模型,建筑三维模型,Unit4School_T07,"163510.70556640625,299827.53909998573,3797.9999999999995",四单元学校,四单元学校7栋,CProgress-C,CIM3
时空基础数据,三维模型,建筑三维模型,Unit4School_T08,"169693.3349609375,300682.6416015625,3786.9999999999995",四单元学校,四单元学校8栋,CProgress-C,CIM3
时空基础数据,三维模型,建筑三维模型,Longwan_East,"153566.16652883822,262576.2707755901,19812",前海珑湾国际人才公寓,前海珑湾国际人才公寓东座,CProgress-E,CIM3
时空基础数据,三维模型,建筑三维模型,Longwan_West,"145116.48356848746,262759.77553650737,20122",前海珑湾国际人才公寓,前海珑湾国际人才公寓西座,CProgress-E,CIM3
时空基础数据,三维模型,建筑三维模型,WeBank,"166936.474609375,264638.720703125,15024",微众银行大厦,微众银行大厦,CProgress-E,CIM3
时空基础数据,三维模型,建筑三维模型,Jiantao,"146316.7236328125,248133.2275390625,23957",建滔总部大厦,建滔总部大厦,CProgress-E,CIM3
时空基础数据,三维模型,建筑三维模型,Zhaolian,"153774.59999999846,250245.89999997988,18520",招联大厦,招联大厦,CProgress-E,CIM3
时空基础数据,三维模型,建筑三维模型,Zhongye_T01,"178585.10000000242,324130.8000000194,12697.199999999999",前海中冶科技大厦,前海中冶科技大厦1栋,CProgress-E,CIM3
时空基础数据,三维模型,建筑三维模型,Zhongye_T02,"179233.69999999995,320498.60000000335,2684.9900000000002",前海中冶科技大厦,前海中冶科技大厦2栋,CProgress-E,CIM3
时空基础数据,三维模型,建筑三维模型,Chuangjin,"179722.20000000088,312825.6000000052,15810",创金合信,创金合信,CProgress-C,CIM3
时空基础数据,三维模型,建筑三维模型,KingSchool_T01,"202724.59999999846,294783.9999999851,6305.0199999999995",前海特色双语学校（国王学校）,前海特色双语学校（国王学校）1栋,CProgress-E,CIM3
时空基础数据,三维模型,建筑三维模型,KingSchool_T02,"203374.099999998,290891.39999998733,2765.05",前海特色双语学校（国王学校）,前海特色双语学校（国王学校）2栋,CProgress-E,CIM3
时空基础数据,三维模型,建筑三维模型,KingSchool_T03,"199953.6000000022,287291.39999998733,2765.04",前海特色双语学校（国王学校）,前海特色双语学校（国王学校）3栋,CProgress-E,CIM3
时空基础数据,三维模型,建筑三维模型,KingSchool_T04,"205290.3231223696,285522.50317502767,2470.05",前海特色双语学校（国王学校）,前海特色双语学校（国王学校）4栋,CProgress-E,CIM3
时空基础数据,三维模型,建筑三维模型,SAM,"201988.73759278213,227508.3507192321,3297.9999999999995",前海控股桂湾汇（山姆超市）,前海控股桂湾汇（山姆超市）北座,CProgress-C,CIM3
时空基础数据,三维模型,建筑三维模型,Longhai_T01,"177726.42528999713,301157.3658200912,11933.6",龙海家园,龙海家园1栋,CProgress-E,CIM3
时空基础数据,三维模型,建筑三维模型,Longhai_T02,"177976.86582007445,294571.40190494247,11933.6",龙海家园,龙海家园2栋,CProgress-E,CIM3
时空基础数据,三维模型,建筑三维模型,Longhai_T03,"184951.0496823932,294650.2019050997,11933.6",龙海家园,龙海家园3栋,CProgress-E,CIM3
时空基础数据,三维模型,建筑三维模型,Longhai_T04,"186369.90000000224,285467.70000001416,8877.22",龙海家园,龙海家园4栋,CProgress-E,CIM3
时空基础数据,三维模型,建筑三维模型,Longhai_T05,"186347.10000000196,279111.10000000335,8877.22",龙海家园,龙海家园5栋,CProgress-E,CIM3
时空基础数据,三维模型,建筑三维模型,Longhai_T06,"178329.28322764928,273724.29745993577,11933.6",龙海家园,龙海家园6栋,CProgress-E,CIM3
时空基础数据,三维模型,建筑三维模型,Longhai_T07,"185382.9670897976,273788.5310049169,11933.6",龙海家园,龙海家园7栋,CProgress-E,CIM3
时空基础数据,三维模型,建筑三维模型,Longhai_T08,"178553.59364993637,267015.85403434,11933.6",龙海家园,龙海家园8栋,CProgress-E,CIM3
时空基础数据,三维模型,建筑三维模型,Longhai_T09,"185711.55095251743,260914.74161376245,8877.22",龙海家园,龙海家园9栋,CProgress-E,CIM3
时空基础数据,三维模型,建筑三维模型,Longhai_T10,"185686.05095252278,253309.75838624872,8877.22",龙海家园,龙海家园10栋,CProgress-E,CIM3
时空基础数据,三维模型,建筑三维模型,Longhai_T11,"178806.5234780952,246918.66210312583,11933.6",龙海家园,龙海家园11栋,CProgress-E,CIM3
时空基础数据,三维模型,建筑三维模型,Longhai_T12,"178371.79999999935,239061.40000000596,11933.6",龙海家园,龙海家园12栋,CProgress-E,CIM3
时空基础数据,三维模型,建筑三维模型,Longhai_T13,"185775.21804240532,239116.20000004768,11933.6",龙海家园,龙海家园13栋,CProgress-E,CIM3
时空基础数据,三维模型,建筑三维模型,Longhai_T14,"185958.6894843029,232509.57298288122,8877.22",龙海家园,龙海家园14栋,CProgress-E,CIM3
时空基础数据,三维模型,建筑三维模型,Longhai_T15,"186304.2193125293,226194.57298289053,8877.22",龙海家园,龙海家园15栋,CProgress-E,CIM3
时空基础数据,三维模型,建筑三维模型,Longhai_T16,"179133.97860452533,220407.772982819,11933.6",龙海家园,龙海家园16栋,CProgress-E,CIM3
时空基础数据,三维模型,建筑三维模型,Longhai_T17,"186119.08948442433,220411.29999998957,11933.6",龙海家园,龙海家园17栋,CProgress-E,CIM3
时空基础数据,三维模型,建筑三维模型,Longhai_T18,"179279.6533061075,214039.211243717,11933.6",龙海家园,龙海家园18栋,CProgress-E,CIM3
时空基础数据,三维模型,建筑三维模型,GangwanPrimarySchool,"182269.59999999963,289460.39999998175,1499",龙海家园,港湾小学,CProgress-E,CIM3
时空基础数据,三维模型,建筑三维模型,Longhai_Kindergarten_U01,"179154.89755312447,232341.0729827825,1189.6499999999999",龙海家园,龙海家园第二幼儿园,CProgress-E,CIM3
时空基础数据,三维模型,建筑三维模型,Longhai_Kindergarten_U02,"178255.09999999776,259883.60000001267,1189.6499999999999",龙海家园,龙海家园第一幼儿园,CProgress-E,CIM3
时空基础数据,三维模型,建筑三维模型,QHTimes_GangwanSchool,"171686.09999999753,124507.59999998845,2283.5899999999997",地铁前海时代,地铁前海时代前海港湾学校,CProgress-E,CIM3
时空基础数据,三维模型,建筑三维模型,QHTimes_CB,"168399.8000001593,203371.0721699521,10070.9",地铁前海时代,地铁前海时代地铁综合楼,CProgress-E,CIM3
时空基础数据,三维模型,建筑三维模型,Foundtown_VCFC,"180964.11178566632,201919.02420623228,3526.7200000000003",地铁前海时代,前海深港基金小镇创投基金中心,CProgress-E,CIM3
时空基础数据,三维模型,建筑三维模型,Foundtown_ArtHouse_UA,"173365.32484116615,187767.5863094628,3581.79",地铁前海时代,前海深港基金小镇艺舍A,CProgress-E,CIM3
时空基础数据,三维模型,建筑三维模型,Foundtown_Roadshow,"155392.69999990938,182484.86146819778,2816.7200000000003",地铁前海时代,前海深港基金小镇路演中心,CProgress-E,CIM3
时空基础数据,三维模型,建筑三维模型,Foundtown_Springwater,"186430.24445020128,179906.1804250814,3581.79",地铁前海时代,前海深港基金小镇春泉,CProgress-E,CIM3
时空基础数据,三维模型,建筑三维模型,Foundtown_Waterscape_UA,"154303.96210314357,176070.81332663074,2446.62",地铁前海时代,前海深港基金小镇水景庭院A,CProgress-E,CIM3
时空基础数据,三维模型,建筑三维模型,Foundtown_Waterscape_UB,"157016.67579362984,172123.60244691372,1991.72",地铁前海时代,前海深港基金小镇水景庭院B,CProgress-E,CIM3
时空基础数据,三维模型,建筑三维模型,Foundtown_HFC,"174532.29999999749,175121.7999999877,4011.71",地铁前海时代,前海深港基金小镇对冲基金中心,CProgress-E,CIM3
时空基础数据,三维模型,建筑三维模型,Foundtown_Kindergarten_TA,"182616.97298287763,175303.12420614064,2688.2200000000003",地铁前海时代,前海深港基金小镇幼儿园A栋,CProgress-E,CIM3
时空基础数据,三维模型,建筑三维模型,Foundtown_Kindergarten_TB,"182419.910879893,172679.38630944118,2688.2200000000003",地铁前海时代,前海深港基金小镇幼儿园B栋,CProgress-E,CIM3
时空基础数据,三维模型,建筑三维模型,Foundtown_Kindergarten_TC,"182943.06491411407,170925.43227500282,2688.2200000000003",地铁前海时代,前海深港基金小镇幼儿园C栋,CProgress-E,CIM3
时空基础数据,三维模型,建筑三维模型,Foundtown_Kindergarten_TD,"179690.62701733783,170904.6512234956,2688.2200000000003",地铁前海时代,前海深港基金小镇幼儿园D栋,CProgress-E,CIM3
时空基础数据,三维模型,建筑三维模型,Foundtown_TA1,"164737.74877662654,179983.61858441494,3861.59",地铁前海时代,前海深港基金小镇A1栋,CProgress-E,CIM3
时空基础数据,三维模型,建筑三维模型,Foundtown_TA2,"163277.75403425912,184205.16736092977,3808.71",地铁前海时代,前海深港基金小镇A2栋,CProgress-E,CIM3
时空基础数据,三维模型,建筑三维模型,Foundtown_TA3,"170451.56210313435,185928.4052577801,3581.79",地铁前海时代,前海深港基金小镇A3栋,CProgress-E,CIM3
时空基础数据,三维模型,建筑三维模型,Foundtown_TA4,"168816.1270172277,181868.94034361467,3581.79",地铁前海时代,前海深港基金小镇A4栋,CProgress-E,CIM3
时空基础数据,三维模型,建筑三维模型,Foundtown_TA5,"171189.75775127765,190893.59066123143,3581.79",地铁前海时代,前海深港基金小镇A5栋,CProgress-E,CIM3
时空基础数据,三维模型,建筑三维模型,Foundtown_TA6,"168144.68757949653,188822.5111505948,3581.79",地铁前海时代,前海深港基金小镇A6栋,CProgress-E,CIM3
时空基础数据,三维模型,建筑三维模型,Foundtown_TA7,"166658.83332032827,185475.69146882743,3581.79",地铁前海时代,前海深港基金小镇A7栋,CProgress-E,CIM3
时空基础数据,三维模型,建筑三维模型,Foundtown_TA8,"173019.31115066982,194191.4732537698,3581.7799999999997",地铁前海时代,前海深港基金小镇A8栋,CProgress-E,CIM3
时空基础数据,三维模型,建筑三维模型,Foundtown_TA9,"175018.87452369556,191271.1906612385,3581.7300000000005",地铁前海时代,前海深港基金小镇A9栋,CProgress-E,CIM3
时空基础数据,三维模型,建筑三维模型,Foundtown_ArtHouse_TA11,"178174.84968245844,193201.83662683703,3581.89",地铁前海时代,前海深港基金小镇艺舍A11栋,CProgress-E,CIM3
时空基础数据,三维模型,建筑三维模型,Foundtown_ArtHouse_TA12,"177019.66273820726,196159.08630937338,3666.76",地铁前海时代,前海深港基金小镇艺舍A12栋,CProgress-E,CIM3
时空基础数据,三维模型,建筑三维模型,Foundtown_TB1,"182621.949682408,193753.86518500745,3893.82",地铁前海时代,前海深港基金小镇B1栋,CProgress-E,CIM3
时空基础数据,三维模型,建筑三维模型,Foundtown_TB2,"182600.04968254943,190840.56518496946,3893.82",地铁前海时代,前海深港基金小镇B2栋,CProgress-E,CIM3
时空基础数据,三维模型,建筑三维模型,Foundtown_TB3,"182493.20000011357,187897.93227496557,3893.82",地铁前海时代,前海深港基金小镇B3栋,CProgress-E,CIM3
时空基础数据,三维模型,建筑三维模型,Foundtown_TB4,"181723.00000000978,184813.88195743784,3893.82",地铁前海时代,前海深港基金小镇B4栋,CProgress-E,CIM3
时空基础数据,三维模型,建筑三维模型,Foundtown_TB5,"179770.21677256562,182219.86146811396,3893.82",地铁前海时代,前海深港基金小镇B5栋,CProgress-E,CIM3
时空基础数据,三维模型,建筑三维模型,Foundtown_TB6,"181709.67887560255,180573.12855813652,3893.82",地铁前海时代,前海深港基金小镇B6栋,CProgress-E,CIM3
时空基础数据,三维模型,建筑三维模型,Foundtown_TB7,"179882.50000000116,178633.00000000745,3893.82",地铁前海时代,前海深港基金小镇B7栋,CProgress-E,CIM3
时空基础数据,三维模型,建筑三维模型,Foundtown_TB8,"177949.17528578662,179985.82407925278,3893.82",地铁前海时代,前海深港基金小镇B8栋,CProgress-E,CIM3
时空基础数据,三维模型,建筑三维模型,QHTimes_T01,"186654.70000000205,132297.99999999814,11076.699999999999",地铁前海时代,地铁前海时代广场1栋,CProgress-E,CIM3
时空基础数据,三维模型,建筑三维模型,QHTimes_T02,"186654.70000000205,137943.00000001676,11076.699999999999",地铁前海时代,地铁前海时代广场2栋,CProgress-E,CIM3
时空基础数据,三维模型,建筑三维模型,QHTimes_T03,"187104.49256622232,143581.14161365665,11076.699999999999",地铁前海时代,地铁前海时代广场3栋,CProgress-E,CIM3
时空基础数据,三维模型,建筑三维模型,QHTimes_T04,"187183.8677250722,149839.50000000186,11076.699999999999",地铁前海时代,地铁前海时代广场4栋,CProgress-E,CIM3
时空基础数据,三维模型,建筑三维模型,QHTimes_T05,"187316.15965630044,155522.541613644,11076.699999999999",地铁前海时代,地铁前海时代广场5栋,CProgress-E,CIM3
时空基础数据,三维模型,建筑三维模型,QHTimes_T07,"177870.6999999995,132704.69999997877,5165.72",地铁前海时代,地铁前海时代广场7栋,CProgress-E,CIM3
时空基础数据,三维模型,建筑三维模型,QHTimes_T08,"168659.2882144847,132758.63662683405,5165.72",地铁前海时代,地铁前海时代广场8栋,CProgress-E,CIM3
时空基础数据,三维模型,建筑三维模型,QHTimes_T09,"168993.33789666416,137629.33662687428,5165.72",地铁前海时代,地铁前海时代广场9栋,CProgress-E,CIM3
时空基础数据,三维模型,建筑三维模型,QHTimes_T10,"180450.39265938685,136684.84034379944,5165.72",地铁前海时代,地铁前海时代广场10栋,CProgress-E,CIM3
时空基础数据,三维模型,建筑三维模型,QHTimes_T11,"178611.53481509537,142278.88322742656,5165.72",地铁前海时代,地铁前海时代广场11栋,CProgress-E,CIM3
时空基础数据,三维模型,建筑三维模型,QHTimes_T12,"169253.10000000172,142731.9000000134,5165.72",地铁前海时代,地铁前海时代广场12栋,CProgress-E,CIM3
时空基础数据,三维模型,建筑三维模型,QHTimes_T14,"178188.2006351021,147104.68694469891,5165.72",地铁前海时代,地铁前海时代广场14栋,CProgress-E,CIM3
时空基础数据,三维模型,建筑三维模型,QHTimes_T15,"177870.6999999995,152359.1000000015,5165.72",地铁前海时代,地铁前海时代广场15栋,CProgress-E,CIM3
时空基础数据,三维模型,建筑三维模型,QHTimes_T16,"170408.1999999995,152349.80000001378,5165.72",地铁前海时代,地铁前海时代广场16栋,CProgress-E,CIM3
时空基础数据,三维模型,建筑三维模型,QHTimes_T17,"170629.77515893872,157177.19809496775,5165.72",地铁前海时代,地铁前海时代广场17栋,CProgress-E,CIM3
时空基础数据,三维模型,建筑三维模型,QHTimes_T18,"178029.4503175828,156970.1359918341,5165.72",地铁前海时代,地铁前海时代广场18栋,CProgress-E,CIM3
时空基础数据,三维模型,建筑三维模型,QHTimes_T19,"177870.70000011008,161646.07198382728,5165.72",地铁前海时代,地铁前海时代广场19栋,CProgress-E,CIM3
时空基础数据,三维模型,建筑三维模型,QHTimes_T20,"171190.0751585781,161978.7968249526,5165.72",地铁前海时代,地铁前海时代广场20栋,CProgress-E,CIM3
时空基础数据,三维模型,建筑三维模型,QHTimes_T21,"156518.14904749044,200812.34777746722,20714.9",地铁前海时代,地铁前海时代广场21栋,CProgress-E,CIM3
时空基础数据,三维模型,建筑三维模型,QHTimes_T22,"150910.77515870566,194519.68567441218,20714.9",地铁前海时代,地铁前海时代广场22栋,CProgress-E,CIM3
时空基础数据,三维模型,建筑三维模型,QHTimes_T23,"186231.37888995698,204550.04938812926,1971.52",地铁前海时代,地铁前海时代广场23栋,CProgress-E,CIM3
时空基础数据,三维模型,建筑三维模型,QHTimes_T24,"186175.7786471222,198881.36699683964,2001.71",地铁前海时代,地铁前海时代广场24栋,CProgress-E,CIM3
时空基础数据,三维模型,建筑三维模型,QHTimes_T25,"186250.0862501678,174327.7191091329,1986.72",地铁前海时代,地铁前海时代广场25栋,CProgress-E,CIM3
时空基础数据,三维模型,建筑三维模型,QHTimes_T26,"149385.17388885957,185115.36944368854,1986.71",地铁前海时代,地铁前海时代广场26栋,CProgress-E,CIM3
时空基础数据,三维模型,建筑三维模型,QHTimes_T27,"186513.0842690356,194409.45985955186,17518.7",地铁前海时代,地铁前海时代广场27栋,CProgress-E,CIM3
时空基础数据,三维模型,建筑三维模型,QHTimes_T28,"186256.62216601777,184511.63810021244,15570.2",地铁前海时代,地铁前海时代广场28栋,CProgress-E,CIM3
时空基础数据,三维模型,建筑三维模型,QHTimes_T29,"147714.51867749565,153650.96708997153,15218.7",地铁前海时代,地铁前海时代广场29栋,CProgress-E,CIM3
时空基础数据,三维模型,建筑三维模型,QHTimes_T30,"146782.97026499058,146795.281957509,15218.7",地铁前海时代,地铁前海时代广场30栋,CProgress-E,CIM3
时空基础数据,三维模型,建筑三维模型,QHTimes_T31,"144656.40190490521,140668.31486751325,15218.7",地铁前海时代,地铁前海时代广场31栋,CProgress-E,CIM3
时空基础数据,三维模型,建筑三维模型,QHTimes_T32,"142719.8000000033,134905.39746005088,13910",地铁前海时代,地铁前海时代广场32栋,CProgress-E,CIM3
时空基础数据,三维模型,建筑三维模型,QHTimes_T33,"141771.75031737424,128298.5465075355,15327.4",地铁前海时代,地铁前海时代广场33栋,CProgress-E,CIM3
时空基础数据,三维模型,建筑三维模型,QHTimes_T34,"147050.78322754125,130381.1031750869,15439.699999999999",地铁前海时代,地铁前海时代广场34栋,CProgress-E,CIM3
时空基础数据,三维模型,建筑三维模型,QHTimes_T35,"158790.7895773009,127297.23545000888,15405.000000000002",地铁前海时代,地铁前海时代广场35栋,CProgress-E,CIM3
时空基础数据,三维模型,建筑三维模型,QHTimes_T36,"161326.21740741306,122307.11169256829,15715.4",地铁前海时代,地铁前海时代广场36栋,CProgress-E,CIM3
时空基础数据,三维模型,建筑三维模型,QHTimes_T37,"157501.79999999818,137701.80000001565,18009.899999999998",地铁前海时代,地铁前海时代广场37栋,CProgress-E,CIM3
时空基础数据,三维模型,建筑三维模型,QHTimes_T38,"151188.90126991319,138847.54904750735,18028.7",地铁前海时代,地铁前海时代广场38栋,CProgress-E,CIM3
时空基础数据,三维模型,建筑三维模型,Foundtown_LHCSC,"185790.04650748102,189268.75031748787,2175.25",地铁前海时代,前海深港基金小镇龙海文体中心,CProgress-E,CIM3
时空基础数据,三维模型,建筑三维模型,QHTimes_Kindergarten,"161215.60000000172,164321.1999999825,2756.85",地铁前海时代,地铁前海时代广场幼儿园,CProgress-E,CIM3
时空基础数据,三维模型,建筑三维模型,GW4Substation,"210091.02248771233,200689.9782406632,2670",桂湾四变电站,桂湾四变电站,CProgress-E,CIM3
时空基础数据,三维模型,建筑三维模型,JialiCenter_U03TT3,"39011.999999999534,153372.99999999814,9433",前海嘉里商务中心,前海嘉里商务中心三期T3公寓,CProgress-E,CIM3
时空基础数据,三维模型,建筑三维模型,JialiCenter_U02TT5,"43015.00000000233,150408.9999999851,10675",前海嘉里商务中心,前海嘉里商务中心二期T5公寓,CProgress-E,CIM3
时空基础数据,三维模型,建筑三维模型,JialiCenter_U01TT6,"48241.99999999837,146427.9999999795,11502",前海嘉里商务中心,前海嘉里商务中心一期T6公寓,CProgress-E,CIM3
时空基础数据,三维模型,建筑三维模型,JialiCenter_U04TT1,"43795.000000001164,139916.0000000149,15202.000000000002",前海嘉里商务中心,前海嘉里商务中心四期T1写字楼,CProgress-E,CIM3
时空基础数据,三维模型,建筑三维模型,JialiCenter_U04TT4,"33796.000000002095,143435.99999998696,15365",前海嘉里商务中心,前海嘉里商务中心四期T4商业,CProgress-E,CIM3
时空基础数据,三维模型,建筑三维模型,JialiCenter_TT7,"53303.000000002794,140927.00000000186,9611",前海嘉里商务中心,前海嘉里商务中心T7办公楼,CProgress-E,CIM3
时空基础数据,三维模型,建筑三维模型,JialiCenter_TT8,"47239.0000000014,131108.9999999851,14705.000000000002",前海嘉里商务中心,前海嘉里商务中心T8办公楼,CProgress-E,CIM3
时空基础数据,三维模型,建筑三维模型,JialiSquare_T01,"32814.90508012357,127153.69047499262,10000",前海嘉里建设广场,前海嘉里建设广场1栋,CProgress-A,CIM3
时空基础数据,三维模型,建筑三维模型,Lantian_TT2,"39608.399999997346,112935.90000001714,10000",银海蓝天华庭,银海蓝天华庭T2栋,CProgress-E,CIM3
时空基础数据,三维模型,建筑三维模型,Lantian_TT3,"35630.067090078956,113654.51677241363,10000",银海蓝天华庭,银海蓝天华庭T3栋,CProgress-E,CIM3
时空基础数据,三维模型,建筑三维模型,Lantian_TT1,"35696.89999999828,118986.70000000857,10000",银海蓝天华庭,银海蓝天华庭T1栋,CProgress-E,CIM3
时空基础数据,三维模型,建筑三维模型,Jiaokewen,"-7589.470078615705,73764.99237990938,10000",国际教科文中心,国际教科文中心,CProgress-C,CIM3
时空基础数据,三维模型,建筑三维模型,Museum,"-51377.60000000126,69383.39999997988,6784.999999999999",国深博物馆,国深博物馆,CProgress-C,CIM5
时空基础数据,三维模型,建筑三维模型,Xinyi_t01,"57813.000000000466,120147.99999999814,13841",信义科技大厦,信义科技大厦1栋,CProgress-E,CIM3
时空基础数据,三维模型,建筑三维模型,Xinyi_t02,"59365.00000000233,126427.00000000186,5282",信义科技大厦,信义科技大厦2栋,CProgress-E,CIM3
时空基础数据,三维模型,建筑三维模型,Xinyi_t03,"62217.9999999993,131825,5582",信义科技大厦,信义科技大厦3栋,CProgress-E,CIM3
时空基础数据,三维模型,建筑三维模型,Xinyi_t04,"66834.99999999767,128241.99999999255,5284",信义科技大厦,信义科技大厦4栋,CProgress-E,CIM3
时空基础数据,三维模型,建筑三维模型,SKYWORTH_T01,"64059.74650743883,116626.99619005434,13385",创维海外发展大厦,创维海外发展大厦1栋,CProgress-E,CIM3
时空基础数据,三维模型,建筑三维模型,SKYWORTH_T02,"72094.00000000023,125675,7086",创维海外发展大厦,创维海外发展大厦2栋,CProgress-E,CIM3
时空基础数据,三维模型,建筑三维模型,SPC1stCircuitCourt,"83180.4999999993,115121.40000001527,4445",最高人民法院第一巡回法庭（第一国际商事法庭）,最高人民法院第一巡回法庭（第一国际商事法庭）,CProgress-E,CIM3
时空基础数据,三维模型,建筑三维模型,Hengchang_West,"54758.600000001024,110659.7000000067,15000",恒昌科技大厦,恒昌科技大厦西区,CProgress-E,CIM3
时空基础数据,三维模型,建筑三维模型,Hengchang_East,"69582.0000000007,96989.09999998286,15244",恒昌科技大厦,恒昌科技大厦东区,CProgress-E,CIM3
时空基础数据,三维模型,建筑三维模型,Fazhi,"48869.69999999856,101967.10000000894,5792",法治大厦,法治大厦,CProgress-E,CIM5
时空基础数据,三维模型,建筑三维模型,QHjingji_West,"36781.260000000475,89090.6500000041,14929.699999999999",中集精英创盛世项目,前海精集西座,CProgress-C,CIM3
时空基础数据,三维模型,建筑三维模型,QHjingji_East,"43430.259999999544,82677.81000002287,12643.5",中集精英创盛世项目,前海精集东座,CProgress-C,CIM3
时空基础数据,三维模型,建筑三维模型,QHchuangji,"29979.470000002766,81771.40999999829,12028.7",中集精英创盛世项目,前海创集,CProgress-C,CIM3
时空基础数据,三维模型,建筑三维模型,QHshengji,"24337.280000001192,75856.0099999886,14929.699999999999",中集精英创盛世项目,前海盛集,CProgress-C,CIM3
时空基础数据,三维模型,建筑三维模型,QHshiji,"30414.730000001146,69206.74000000581,10416.1",中集精英创盛世项目,前海世集,CProgress-C,CIM3
时空基础数据,三维模型,建筑三维模型,QHyingji_South,"43420.3600000008,68884.95000000112,6282.46",中集精英创盛世项目,前海英集南座,CProgress-C,CIM3
时空基础数据,三维模型,建筑三维模型,QHyingji_North,"50999.339999997756,74558.79999999888,24708.2",中集精英创盛世项目,前海英集北座,CProgress-C,CIM3
时空基础数据,三维模型,建筑三维模型,Firestation,"39367.9999999993,63002.99999997951,878.9999999999999",前海消防站,前海消防站,CProgress-E,CIM3
时空基础数据,三维模型,建筑三维模型,ZhongjiIBC_T01,"112261.39555507107,85021.37452387251,10000",前海中集国际商务中心,前海中集国际商务中心1栋,CProgress-A,CIM3
时空基础数据,三维模型,建筑三维模型,ZhongjiIBC_T02,"108187.20253988286,75417.42357127368,10000",前海中集国际商务中心,前海中集国际商务中心2栋,CProgress-A,CIM3
时空基础数据,三维模型,建筑三维模型,ZhongjiIBC_T03,"116327.76802160661,81429.78539494798,10000",前海中集国际商务中心,前海中集国际商务中心3栋,CProgress-A,CIM3
时空基础数据,三维模型,建筑三维模型,ZhongjiIBC_T04,"118588.18543619709,85693.31369069405,10000",前海中集国际商务中心,前海中集国际商务中心4栋,CProgress-A,CIM3
时空基础数据,三维模型,建筑三维模型,ZhongjiIBC_T05,"93129.87325380673,108460.88277883828,10000",前海中集国际商务中心,前海中集国际商务中心5栋,CProgress-A,CIM3
时空基础数据,三维模型,建筑三维模型,ZhongjiIBC_T06,"86603.22230118909,97046.50507997721,10000",前海中集国际商务中心,前海中集国际商务中心6栋,CProgress-A,CIM3
时空基础数据,三维模型,建筑三维模型,Fhldg,"73357.0000000007,77579.99999998137,22517",前海金融控股总部大楼,前海金融控股总部大楼,CProgress-E,CIM5
时空基础数据,三维模型,建筑三维模型,SGzongbu_T01,"17551.505714980885,54026.05384811759,5669",三小镇,深港总部经济平台1栋,CProgress-C,CIM3
时空基础数据,三维模型,建筑三维模型,SGzongbu_T02,"9341.421217645984,61432.791296206415,1847",三小镇,深港总部经济平台2栋,CProgress-C,CIM3
时空基础数据,三维模型,建筑三维模型,SGzongbu_T03,"7523.702988523291,57266.45584627986,1847",三小镇,深港总部经济平台3栋,CProgress-C,CIM3
时空基础数据,三维模型,建筑三维模型,SGzongbu_T04,"3727.0000000018626,60352.00000000186,1730.9999999999998",三小镇,深港总部经济平台4栋,CProgress-C,CIM3
时空基础数据,三维模型,建筑三维模型,SGzongbu_T05,"8653.999999997905,55439.99999999069,1730.9999999999998",三小镇,深港总部经济平台5栋,CProgress-C,CIM3
时空基础数据,三维模型,建筑三维模型,SGzongbu_T06,"1496.999999997206,57327.00000000186,3031",三小镇,深港总部经济平台6栋,CProgress-C,CIM3
时空基础数据,三维模型,建筑三维模型,SGzongbu_T07,"6790.336719917832,53144.290661253035,3031",三小镇,深港总部经济平台7栋,CProgress-C,CIM3
时空基础数据,三维模型,建筑三维模型,SGshuzi_T01,"20089.933451852994,46492.7452375181,15275",三小镇,深港数字平台1栋,CProgress-C,CIM3
时空基础数据,三维模型,建筑三维模型,SGshuzi_T02,"5874.418846936896,58674.50952506624,1847",三小镇,深港数字平台2栋,CProgress-C,CIM3
时空基础数据,三维模型,建筑三维模型,SGshuzi_T03,"15509.9324358569,49423.37160273455,1847",三小镇,深港数字平台3栋,CProgress-C,CIM3
时空基础数据,三维模型,建筑三维模型,SGshuzi_T04,"12014.166200894397,52795.24968252517,1421",三小镇,深港数字平台4栋,CProgress-C,CIM3
时空基础数据,三维模型,建筑三维模型,SGshuzi_T05,"13246.582592529012,51575.66582001746,1421",三小镇,深港数字平台5栋,CProgress-C,CIM3
时空基础数据,三维模型,建筑三维模型,SGshuzi_T06,"14187.581830495037,50606.082719471306,1421",三小镇,深港数字平台6栋,CProgress-C,CIM3
时空基础数据,三维模型,建筑三维模型,SGshuzi_T07,"12893.402082822286,45401.183134363964,1535",三小镇,深港数字平台7栋,CProgress-C,CIM3
时空基础数据,三维模型,建筑三维模型,SGshuzi_T08,"11833.766997035127,44455.47506567091,1535",三小镇,深港数字平台8栋,CProgress-C,CIM3
时空基础数据,三维模型,建筑三维模型,SGshuzi_T09,"10714.912962552626,43167.818220332265,1535",三小镇,深港数字平台9栋,CProgress-C,CIM3
时空基础数据,三维模型,建筑三维模型,SGshuzi_T10,"12280.307340755826,41112.35856404528,1847",三小镇,深港数字平台10栋,CProgress-C,CIM3
时空基础数据,三维模型,建筑三维模型,SGshuzi_T11,"13318.138345540501,42535.99237995222,1847",三小镇,深港数字平台11栋,CProgress-C,CIM3
时空基础数据,三维模型,建筑三维模型,SGshuzi_T12,"15389.110151788918,40523.28558135778,2049",三小镇,深港数字平台12栋,CProgress-C,CIM3
时空基础数据,三维模型,建筑三维模型,SGfuwu_T01,"9262.672254629433,36863.869443768635,15158.000000000002",三小镇,深港专业服务业平台1栋,CProgress-C,CIM3
时空基础数据,三维模型,建筑三维模型,SGfuwu_T02,"4368.746507412288,40353.80797558464,8358",三小镇,深港专业服务业平台2栋,CProgress-C,CIM3
时空基础数据,三维模型,建筑三维模型,SGfuwu_T03,"6220.621031348128,41671.99491998181,1262",三小镇,深港专业服务业平台3栋,CProgress-C,CIM3
时空基础数据,三维模型,建筑三维模型,HarrowSchool_Foreign,"-4267.9999999993015,49479.000000003725,6595.999999999999",前海哈罗国际学校,外籍人员子女学校,CProgress-E,CIM3
时空基础数据,三维模型,建筑三维模型,HarrowSchool_LideTeaching,"-15444.000000000233,35941.0000000149,3981",前海哈罗国际学校,礼德高级中学教学楼,CProgress-E,CIM3
时空基础数据,三维模型,建筑三维模型,HarrowSchool_LideDormitory,"-24957.0000000007,41970.999999996275,4304",前海哈罗国际学校,礼德高级中学宿舍楼,CProgress-E,CIM3
时空基础数据,三维模型,建筑三维模型,Runfeng_U01,"-11409.999999997672,26968.000000016764,11772",润峯府,润峯府1号楼,CProgress-E,CIM3
时空基础数据,三维模型,建筑三维模型,Runfeng_U02,"-11335.999999998603,21899.00000002235,8982",润峯府,润峯府2号楼,CProgress-E,CIM3
时空基础数据,三维模型,建筑三维模型,Runfeng_U03,"-6865.999999997439,17235.99999998696,8982",润峯府,润峯府3号楼,CProgress-E,CIM3
时空基础数据,三维模型,建筑三维模型,Runfeng_U04,"-3059.9999999976717,21629.000000003725,11958",润峯府,润峯府4号楼,CProgress-E,CIM3
时空基础数据,三维模型,建筑三维模型,Runfeng_U05,"1746.999999997206,26595.999999996275,14100",润峯府,润峯府5号楼,CProgress-E,CIM3
时空基础数据,三维模型,建筑三维模型,Runfeng_U06,"-1482.0000000006985,30954.999999981374,11427",润峯府,润峯府6号楼,CProgress-E,CIM3
时空基础数据,三维模型,建筑三维模型,Runfeng_U07,"-6877.000000001863,29822.999999998137,11772",润峯府,润峯府7号楼,CProgress-E,CIM3
时空基础数据,三维模型,建筑三维模型,MGCsouth_T01,"33069.00000000023,36485.00000000931,19683",前海深港青年梦工场南区,前海深港青年梦工场南区1栋,CProgress-E,CIM3
时空基础数据,三维模型,建筑三维模型,MGCsouth_T02,"28842.9999999993,30410.99999998696,8131",前海深港青年梦工场南区,前海深港青年梦工场南区2栋,CProgress-E,CIM3
时空基础数据,三维模型,建筑三维模型,MACALLINE,"139007.75158748147,82973.82330051623,1898.9999999999998",红星美凯龙,红星美凯龙,CProgress-E,CIM3
时空基础数据,三维模型,建筑三维模型,QHICC,"166051.00000000093,63220.999999996275,3154",前海国际会议中心,前海国际会议中心,CProgress-E,CIM3
时空基础数据,三维模型,建筑三维模型,Shengang_UA,"109201.07814769144,41629.41105738282,1630.9999999999998",前海深港创新中心,前海深港创新中心A组团,CProgress-E,CIM5
时空基础数据,三维模型,建筑三维模型,Shengang_UB,"104287.18046250287,47979.807364195585,1410",前海深港创新中心,前海深港创新中心B组团,CProgress-E,CIM5
时空基础数据,三维模型,建筑三维模型,Shengang_UC,"112748.49936496466,54595.33672002144,1410",前海深港创新中心,前海深港创新中心C组团,CProgress-E,CIM5
时空基础数据,三维模型,建筑三维模型,Shengang_UD,"118507.66836010735,48359.49936504476,1230",前海深港创新中心,前海深港创新中心D组团,CProgress-E,CIM5
时空基础数据,三维模型,建筑三维模型,MGC_U01,"134521.9999999972,50666.99999999255,1268",前海深港青年梦工场,前海深港青年梦工场1号楼,CProgress-E,CIM5
时空基础数据,三维模型,建筑三维模型,MGC_U02,"142859.00000000256,58675,1000",前海深港青年梦工场,前海深港青年梦工场2号楼,CProgress-E,CIM5
时空基础数据,三维模型,建筑三维模型,MGC_U03,"140838.00000000047,62547.99999999814,1585",前海深港青年梦工场,前海深港青年梦工场3号楼,CProgress-E,CIM5
时空基础数据,三维模型,建筑三维模型,MGC_U04,"135378.0000000028,67381.00000000559,1147",前海深港青年梦工场,前海深港青年梦工场4号楼,CProgress-E,CIM5
时空基础数据,三维模型,建筑三维模型,MGC_U05,"129905.51858438412,54937.24841247313,1233",前海深港青年梦工场,前海深港青年梦工场5号楼,CProgress-E,CIM5
时空基础数据,三维模型,建筑三维模型,MGC_U06,"131912.08703747834,64450.27017183602,1233",前海深港青年梦工场,前海深港青年梦工场6号楼,CProgress-E,CIM5
时空基础数据,三维模型,建筑三维模型,MGC_U07,"125598.45965627464,58955.32909994945,1233",前海深港青年梦工场,前海深港青年梦工场7号楼,CProgress-E,CIM5
时空基础数据,三维模型,建筑三维模型,MGC_U08,"133396.9999999972,71054.99999998137,1131",前海深港青年梦工场,前海深港青年梦工场8号楼,CProgress-E,CIM5
时空基础数据,三维模型,建筑三维模型,MGC_U09,"129369.00000000023,74514.00000001304,2410",前海深港青年梦工场,前海深港青年梦工场9号楼,CProgress-E,CIM5
时空基础数据,三维模型,建筑三维模型,MGC_U10,"121036.99999999953,65172.99999999814,2845",前海深港青年梦工场,前海深港青年梦工场10号楼,CProgress-E,CIM5
时空基础数据,三维模型,建筑三维模型,QHShowroom,"166253.0000000028,30989.00000001304,2324",前海展示厅,前海展示厅,CProgress-E,CIM3
时空基础数据,三维模型,建筑三维模型,EnterpriseMansion_T01,"150605.99999999977,38133.9999999851,1329",企业公馆（含特区馆）,企业公馆1栋,CProgress-E,CIM3
时空基础数据,三维模型,建筑三维模型,EnterpriseMansion_T02,"147625,34935.00000000931,1329",企业公馆（含特区馆）,企业公馆2栋,CProgress-E,CIM3
时空基础数据,三维模型,建筑三维模型,EnterpriseMansion_T03,"145173.99999999907,37062.999999988824,943",企业公馆（含特区馆）,企业公馆3栋,CProgress-E,CIM3
时空基础数据,三维模型,建筑三维模型,EnterpriseMansion_T04,"147171.9999999972,40752.99999997951,1342",企业公馆（含特区馆）,企业公馆4栋,CProgress-E,CIM3
时空基础数据,三维模型,建筑三维模型,EnterpriseMansion_T05,"144489.0000000014,43800.99999997765,1342",企业公馆（含特区馆）,企业公馆5栋,CProgress-E,CIM3
时空基础数据,三维模型,建筑三维模型,EnterpriseMansion_T06,"141459.00000000256,40554.99999998137,1364",企业公馆（含特区馆）,企业公馆6栋,CProgress-E,CIM3
时空基础数据,三维模型,建筑三维模型,EnterpriseMansion_T07,"141811.99999999953,46318.99999999441,911",企业公馆（含特区馆）,企业公馆7栋,CProgress-E,CIM3
时空基础数据,三维模型,建筑三维模型,EnterpriseMansion_T08,"139750,43762.999999988824,1342",企业公馆（含特区馆）,企业公馆8栋,CProgress-E,CIM3
时空基础数据,三维模型,建筑三维模型,EnterpriseMansion_T09,"137896.0000000021,42754.000000003725,911",企业公馆（含特区馆）,企业公馆9栋,CProgress-E,CIM3
时空基础数据,三维模型,建筑三维模型,VankeTQG,"150050,48595.00000001863,1063",企业公馆（含特区馆）,万科特区馆,CProgress-E,CIM3
时空基础数据,三维模型,建筑三维模型,SJCY_North,"-49543.723991152365,11930.313055496663,5043",前海深港设计创意产业园,前海深港设计创意产业园北区,CProgress-E,CIM3
时空基础数据,三维模型,建筑三维模型,SJCY_South,"-44145.45000260114,-2192.2099814284593,4822",前海深港设计创意产业园,前海深港设计创意产业园南区,CProgress-E,CIM3
时空基础数据,三维模型,建筑三维模型,Jiushang_TA,"-5791.200000001118,-29202.99999997951,4825",玖尚公寓,玖尚公寓A栋,CProgress-E,CIM5
时空基础数据,三维模型,建筑三维模型,Jiushang_TB,"2052.0000000018626,-36879.000000003725,4466",玖尚公寓,玖尚公寓B栋,CProgress-E,CIM5
时空基础数据,三维模型,建筑三维模型,Rongxi_T01,"-4126.655659766402,-63587.66963002272,16500",嵘玺家园,嵘玺家园1栋,CProgress-E,CIM3
时空基础数据,三维模型,建筑三维模型,Rongxi_T02,"-4948.999999999069,-58447.00000002049,8800",嵘玺家园,嵘玺家园2栋,CProgress-E,CIM3
时空基础数据,三维模型,建筑三维模型,Rongxi_T03,"463.00000000046566,-60618.000000016764,10800",嵘玺家园,嵘玺家园3栋,CProgress-E,CIM3
时空基础数据,三维模型,建筑三维模型,Rongxi_T04,"6134.999999997672,-69510.99999998696,10300",嵘玺家园,嵘玺家园4栋,CProgress-E,CIM3
时空基础数据,三维模型,建筑三维模型,Rongxi_T05,"11678.000000002794,-71672.00000002049,10300",嵘玺家园,嵘玺家园5栋,CProgress-E,CIM3
时空基础数据,三维模型,建筑三维模型,Lingxi_T01,"14157.000000000698,-78202.00000000186,15000",招商领玺家园,招商领玺家园1栋,CProgress-E,CIM3
时空基础数据,三维模型,建筑三维模型,Lingxi_T02,"20147.999999998137,-80129.00000000373,15000",招商领玺家园,招商领玺家园2栋,CProgress-E,CIM3
时空基础数据,三维模型,建筑三维模型,Lingxi_T03,"23692.9999999993,-84904.99999998137,13000",招商领玺家园,招商领玺家园3栋,CProgress-E,CIM3
时空基础数据,三维模型,建筑三维模型,Lingxi_T04,"21009.99999999767,-87954.00000000373,1400",招商领玺家园,招商领玺家园4栋(幼儿园),CProgress-E,CIM3
时空基础数据,三维模型,建筑三维模型,ZimaoCenter_TA,"-8546.999999997206,-86854.00000000373,11000",自贸时代中心,自贸时代中心A座,CProgress-E,CIM3
时空基础数据,三维模型,建筑三维模型,ZimaoCenter_TB,"-16614.000000001397,-94216.99999999255,27000",自贸时代中心,自贸时代中心B座,CProgress-E,CIM3
时空基础数据,三维模型,建筑三维模型,ZimaoCenter_TC,"-22109.00000000256,-85081.99999998324,28200",自贸时代中心,自贸时代中心C座,CProgress-E,CIM3
时空基础数据,三维模型,建筑三维模型,Jingmao_U01TA,"-9790.999999997439,-106208.9999999851,10500",招商局前海经贸中心,招商局前海经贸中心一期A座,CProgress-E,CIM3
时空基础数据,三维模型,建筑三维模型,Jingmao_U01TB,"-7338.000000000466,-113168.99999999441,14800",招商局前海经贸中心,招商局前海经贸中心一期B座,CProgress-E,CIM3
时空基础数据,三维模型,建筑三维模型,Jingmao_U02TA,"6364.000000001397,-101097.00000002049,10500",招商局前海经贸中心,招商局前海经贸中心二期A座,CProgress-E,CIM3
时空基础数据,三维模型,建筑三维模型,Jingmao_U02TB,"1002.0000000018626,-107035.00000000931,9800",招商局前海经贸中心,招商局前海经贸中心二期B座,CProgress-E,CIM3
时空基础数据,三维模型,建筑三维模型,Jingmao_U03,"-909.0000000025611,-95779.00000000373,3400",招商局前海经贸中心,招商局前海经贸中心三期,CProgress-E,CIM3
时空基础数据,三维模型,建筑三维模型,Xiwanli_T01,"49204.999999998836,-80604.00000000373,7000",颐城栖湾里,颐城栖湾里1栋,CProgress-E,CIM3
时空基础数据,三维模型,建筑三维模型,Xiwanli_T02,"54909.00000000256,-86135.00000000931,7000",颐城栖湾里,颐城栖湾里2栋,CProgress-E,CIM3
时空基础数据,三维模型,建筑三维模型,Xiwanli_T03,"54164.0000000014,-91066.0000000149,7500",颐城栖湾里,颐城栖湾里3栋,CProgress-E,CIM3
时空基础数据,三维模型,建筑三维模型,Xiwanli_T04,"49265.00000000233,-90524.00000002235,7500",颐城栖湾里,颐城栖湾里4栋,CProgress-E,CIM3
时空基础数据,三维模型,建筑三维模型,Xiwanli_T05,"44416.99999999837,-83564.00000001304,7500",颐城栖湾里,颐城栖湾里5栋,CProgress-E,CIM3
时空基础数据,三维模型,建筑三维模型,Xiwanli_T06,"41670.000000001164,-89533.00000000745,7500",颐城栖湾里,颐城栖湾里6栋,CProgress-E,CIM3
时空基础数据,三维模型,建筑三维模型,Shenguoji_T01,"65430.62433306477,-97036.62763522007,7800",深国际住宅,万科臻湾悦1栋,CProgress-E,CIM3
时空基础数据,三维模型,建筑三维模型,Shenguoji_T02,"61201.623571122764,-101003.75158754177,9900",深国际住宅,万科臻湾悦2栋,CProgress-E,CIM3
时空基础数据,三维模型,建筑三维模型,Shenguoji_T03,"59266.248158499366,-106497.12674622424,10000",深国际住宅,万科臻湾悦3栋,CProgress-E,CIM3
时空基础数据,三维模型,建筑三维模型,Shenguoji_T04,"51575.74803165044,-110847.87706374191,14100",深国际住宅,万科臻湾悦4栋,CProgress-E,CIM3
时空基础数据,三维模型,建筑三维模型,Shenguoji_T05,"53062.49834917253,-116740.25120646693,14300",深国际住宅,万科臻湾悦5栋,CProgress-E,CIM3
时空基础数据,三维模型,建筑三维模型,Shenguoji_T06,"48688.49834912107,-123436.50241298601,7800",深国际住宅,万科臻湾悦6栋,CProgress-E,CIM3
时空基础数据,三维模型,建筑三维模型,Shenguoji_T07,"45492.49809496105,-118562.62687323615,14100",深国际住宅,万科臻湾悦7栋,CProgress-E,CIM3
时空基础数据,三维模型,建筑三维模型,Yindu,"34411.70000000275,-94685.00000000931,10000",深国际前海颐都大厦,颐都大厦,CProgress-E,CIM3
时空基础数据,三维模型,建筑三维模型,Yiwanfu_T01,"36351.00000000093,-109864.99999999069,15000",深国际前海颐都大厦,颐湾府1栋,CProgress-E,CIM3
时空基础数据,三维模型,建筑三维模型,Yiwanfu_T02,"40501.00000000093,-106177.00000000186,15000",深国际前海颐都大厦,颐湾府2栋,CProgress-E,CIM3
时空基础数据,三维模型,建筑三维模型,Yiwanfu_T03,"43334.00000000256,-102266.0000000149,10000",深国际前海颐都大厦,颐湾府3栋,CProgress-E,CIM3
时空基础数据,三维模型,建筑三维模型,Yiwanfu_T04,"38952.00000000186,-101129.00000000373,10000",深国际前海颐都大厦,颐湾府4栋,CProgress-E,CIM3
时空基础数据,三维模型,建筑三维模型,YijingSquare_T01,"24221.999999997206,-104550,2600",深国际前海颐都大厦,颐景广场1栋,CProgress-E,CIM3
时空基础数据,三维模型,建筑三维模型,YijingSquare_T02A,"31360.999999998603,-112133.00000000745,2200",深国际前海颐都大厦,颐景广场2栋A座,CProgress-E,CIM3
时空基础数据,三维模型,建筑三维模型,YijingSquare_T02B,"28370.000000001164,-115733.9999999851,1700",深国际前海颐都大厦,颐景广场2栋B座,CProgress-E,CIM3
时空基础数据,三维模型,建筑三维模型,Xiangbin,"7911.999999999534,-118983.9999999851,15000",前海香缤大厦,前海香缤大厦,CProgress-E,CIM5
时空基础数据,三维模型,建筑三维模型,Jinli,"13247.999999998137,-114185.99999998696,15000",金立大厦,金立大厦,CProgress-E,CIM5
时空基础数据,三维模型,建筑三维模型,Xinlikang,"4700,-133900.99999997765,16213",信利康大厦,信利康大厦,CProgress-E,CIM5
时空基础数据,三维模型,建筑三维模型,SF,"8333.440436958335,-139009.9359919317,20000",顺丰总部大厦,顺丰总部大厦,CProgress-E,CIM5
时空基础数据,三维模型,建筑三维模型,Shimao_U01,"20300,-127445.99999999627,3136",前海世茂金融大厦,前海世茂金融大厦一期,CProgress-E,CIM5
时空基础数据,三维模型,建筑三维模型,Shimao_U02,"14864.000000001397,-130537.00000001118,29724",前海世茂金融大厦,前海世茂金融大厦二期,CProgress-E,CIM5
时空基础数据,三维模型,建筑三维模型,Shimao_U01_Business,"12496.249682543566,-127035.00127000734,2934",前海世茂金融大厦,前海世茂金融大厦一期商业楼,CProgress-E,CIM5
时空基础数据,三维模型,建筑三维模型,Xiangjiang,"18573.99999999907,-122704.99999998137,15000",香江金融大厦,香江金融大厦,CProgress-E,CIM5
时空基础数据,三维模型,建筑三维模型,Yibaoyuan_T01,"-143469.00000000023,-155654.99999998137,3700",前海易保园区,前海易保园区1栋,CProgress-E,CIM5
时空基础数据,三维模型,建筑三维模型,Yibaoyuan_T02,"-132869.00000000023,-152162.99999998882,4200",前海易保园区,前海易保园区2栋,CProgress-E,CIM5
时空基础数据,三维模型,建筑三维模型,Yibaoyuan_T03,"-120040.00000000233,-153072.0000000205,4200",前海易保园区,前海易保园区3栋,CProgress-E,CIM5
时空基础数据,三维模型,建筑三维模型,Yibaoyuan_T04,"-119555.99999999977,-145766.99999999255,3700",前海易保园区,前海易保园区4栋,CProgress-E,CIM5
时空基础数据,三维模型,建筑三维模型,Yibaoyuan_T05,"-108921.0000000021,-142204.99999998137,3700",前海易保园区,前海易保园区5栋,CProgress-E,CIM5
时空基础数据,三维模型,建筑三维模型,Logistics_T01,"-132155.99999999977,-80929.00000000373,6100",电子综合物流,电子综合物流1栋,CProgress-E,CIM3
时空基础数据,三维模型,建筑三维模型,Logistics_T02,"-103144.00000000023,-73497.00000002049,4200",电子综合物流,电子综合物流2栋,CProgress-E,CIM3
时空基础数据,三维模型,建筑三维模型,Logistics_T03,"-88257.0000000007,-67447.99999999814,3800",电子综合物流,电子综合物流3栋,CProgress-E,CIM3
时空基础数据,三维模型,建筑三维模型,Logistics_T04,"-126863.00000000047,-94016.99999999255,2900",电子综合物流,电子综合物流4栋,CProgress-E,CIM3
时空基础数据,三维模型,建筑三维模型,Logistics_T05,"-99947.99999999814,-86693.99999999441,3700",电子综合物流,电子综合物流5栋,CProgress-E,CIM3
时空基础数据,三维模型,建筑三维模型,Logistics_T06,"-84046.0000000021,-79679.00000000373,2600",电子综合物流,电子综合物流6栋,CProgress-E,CIM3
时空基础数据,三维模型,建筑三维模型,Logistics_T07,"-121753.0000000028,-115656.00000000559,2900",电子综合物流,电子综合物流7栋,CProgress-E,CIM3
时空基础数据,三维模型,建筑三维模型,Logistics_T08,"-84844.00000000023,-104893.99999999441,2900",电子综合物流,电子综合物流8栋,CProgress-E,CIM3
时空基础数据,三维模型,建筑三维模型,Logistics_T09,"-116750,-129108.00000000745,2900",电子综合物流,电子综合物流9栋,CProgress-E,CIM3
时空基础数据,三维模型,建筑三维模型,Logistics_T10,"-82510.9999999986,-118641.0000000149,1600",电子综合物流,电子综合物流10栋,CProgress-E,CIM3
时空基础数据,三维模型,建筑三维模型,No5Coldsite,"-9542.290000000503,93250.79999999143,977",5号冷站,5号冷站,CProgress-E,CIM5
时空基础数据,三维模型,建筑三维模型,Hongrongyuan_TD,"77612.6655918837,183492.84219169058,10000",前海鸿荣源中心,前海鸿荣源中心D座,CProgress-E,CIM3
时空基础数据,三维模型,建筑三维模型,Hongrongyuan_TE,"77423.78229846363,175145.1110868249,10000",前海鸿荣源中心,前海鸿荣源中心E座,CProgress-E,CIM3
时空基础数据,三维模型,建筑三维模型,Hongrongyuan_TA,"90652.97542348853,183029.7101895325,10000",前海鸿荣源中心,前海鸿荣源中心A座,CProgress-E,CIM3
时空基础数据,三维模型,建筑三维模型,Hongrongyuan_TB,"94410.06627099123,172075.938281836,10000",前海鸿荣源中心,前海鸿荣源中心B座,CProgress-E,CIM3
时空基础数据,三维模型,建筑三维模型,Hongrongyuan_TC,"93457.56436599768,163503.4211366903,10000",前海鸿荣源中心,前海鸿荣源中心C座,CProgress-E,CIM3
时空基础数据,三维模型,建筑三维模型,InfCom,"47870.42631666991,51876.37149351649,10000",前海信息枢纽大厦,前海信息枢纽大厦,CProgress-E,CIM5
时空基础数据,三维模型,建筑三维模型,Qianhaiwan_T01,"-14616.675220173784,-30905.85570228286,10000",前海湾花园,前海湾花园1栋,CProgress-E,CIM3
时空基础数据,三维模型,建筑三维模型,Qianhaiwan_T02,"-10595.000510156387,-35721.28200000152,10000",前海湾花园,前海湾花园2栋,CProgress-E,CIM3
时空基础数据,三维模型,建筑三维模型,Qianhaiwan_T03,"-6044.158075127052,-38208.37030755356,10000",前海湾花园,前海湾花园3栋,CProgress-E,CIM3
时空基础数据,三维模型,建筑三维模型,Qianhaiwan_T04,"-2763.3181802462786,-43235.46369499527,10000",前海湾花园,前海湾花园4栋,CProgress-E,CIM3
时空基础数据,三维模型,建筑三维模型,Qianhaiwan_T05,"-21337.10532785044,-31170.4395649489,10000",前海湾花园,前海湾花园5栋,CProgress-E,CIM3
时空基础数据,三维模型,建筑三维模型,Qianhaiwan_T06,"-16521.67903012014,-37837.95290002599,10000",前海湾花园,前海湾花园6栋,CProgress-E,CIM3
时空基础数据,三维模型,建筑三维模型,Qianhaiwan_T07,"-12976.255272817798,-44928.800415061414,10000",前海湾花园,前海湾花园7栋,CProgress-E,CIM3
时空基础数据,三维模型,建筑三维模型,Qianhaiwan_T08,"-10118.749557778938,-49056.30867010914,10000",前海湾花园,前海湾花园8栋,CProgress-E,CIM3
时空基础数据,三维模型,建筑三维模型,Qianhaiwan_T09,"-28847.759238042636,-38457.07913842052,10000",前海湾花园,前海湾花园9栋,CProgress-E,CIM3
时空基础数据,三维模型,建筑三维模型,Qianhaiwan_T10,"-22868.163945450215,-44701.258293306455,10000",前海湾花园,前海湾花园10栋,CProgress-E,CIM3
时空基础数据,三维模型,建筑三维模型,Qianhaiwan_T11,"-20804.409817949636,-49463.76781840809,10000",前海湾花园,前海湾花园11栋,CProgress-E,CIM3
时空基础数据,三维模型,建筑三维模型,Qianhaiwan_T12,"-17949.020773917437,-54154.31053265929,10000",前海湾花园,前海湾花园12栋,CProgress-E,CIM3
时空基础数据,三维模型,建筑三维模型,Pingbo,"15039.295202714857,-61594.408746249974,10000",平博汽车,平博汽车大楼,CProgress-E,CIM3
时空基础数据,三维模型,建筑三维模型,ZimaoDS,"1069.2672628618311,-125729.53701666556,10000",前海自贸大厦,前海自贸大厦,CProgress-E,CIM5
时空基础数据,三维模型,建筑三维模型,Pingheng,"7324.470745306462,-52891.80453545414,10000",平恒汽车,平恒汽车,CProgress-E,CIM3
时空基础数据,三维模型,建筑三维模型,Haiyun,"-73203.8139619457,-131395.58256869204,10000",海运大厦,海运大厦,CProgress-E,CIM3
时空基础数据,三维模型,建筑三维模型,No10Coldsite,"46543.53490792564,-132262.09471831098,2000",10号冷站,10号冷站,CProgress-C,CIM5
时空基础数据,三维模型,建筑三维模型,ChowTF_FC_T02,"77921.04236278683,194373.05540707894,17436",前海周大福金融大厦,前海周大福金融大厦2栋,CProgress-E,CIM3
时空基础数据,三维模型,建筑三维模型,SGshuzi_T14,"16629.749641305534,48373.51931119338,2000",三小镇,深港数字平台14栋,CProgress-C,CIM3
时空基础数据,三维模型,建筑三维模型,SGshuzi_T16,"13057.867497613188,48691.019946243614,2000",三小镇,深港数字平台16栋,CProgress-C,CIM3
时空基础数据,三维模型,建筑三维模型,SGshuzi_T15,"11734.948184993118,49749.355396209285,2000",三小镇,深港数字平台15栋,CProgress-C,CIM3
时空基础数据,三维模型,建筑三维模型,SGshuzi_T13,"10094.528237357736,50913.524391222745,2000",三小镇,深港数字平台13栋,CProgress-C,CIM3
时空基础数据,三维模型,建筑三维模型,SGzongbu_T08,"2897.8471773443744,51151.64986746386,3000",三小镇,深港总部经济平台8栋,CProgress-C,CIM3
时空基础数据,三维模型,建筑三维模型,SGzongbu_T09,"-991.5356012468692,55252.69973622635,3000",三小镇,深港总部经济平台9栋,CProgress-C,CIM3
时空基础数据,三维模型,建筑三维模型,SGshuzi_T18,"15544.955805089558,44881.01232619956,2000",三小镇,深港数字平台18栋,CProgress-C,CIM3
时空基础数据,三维模型,建筑三维模型,SGshuzi_T17,"14513.078741315985,43716.8433311861,2000",三小镇,深港数字平台17栋,CProgress-C,CIM3
时空基础数据,三维模型,建筑三维模型,ZhongjiIBC_T07,"91056.26411885023,103379.75467015058,10000",前海中集国际商务中心,前海中集国际商务中心7栋,CProgress-A,CIM3
时空基础数据,三维模型,建筑三维模型,ZhongjiIBC_T08,"96529.84277450596,106472.07856304012,10000",前海中集国际商务中心,前海中集国际商务中心8栋,CProgress-A,CIM3
时空基础数据,三维模型,建筑三维模型,ZhongjiIBC_T09,"98712.65964008635,104090.82380058244,10000",前海中集国际商务中心,前海中集国际商务中心9栋,CProgress-A,CIM3
时空基础数据,三维模型,建筑三维模型,ZhongjiIBC_T10,"102760.79273632495,100161.75344241783,10000",前海中集国际商务中心,前海中集国际商务中心10栋,CProgress-A,CIM3
时空基础数据,三维模型,建筑三维模型,ZhongjiIBC_T11,"106531.11277691205,97185.18498921767,10000",前海中集国际商务中心,前海中集国际商务中心11栋,CProgress-A,CIM3
时空基础数据,三维模型,建筑三维模型,ZhongjiIBC_T12,"94585.15138512594,99407.68943428993,10000",前海中集国际商务中心,前海中集国际商务中心12栋,CProgress-A,CIM3
时空基础数据,三维模型,建筑三维模型,ZhongjiIBC_T13,"98712.65964009217,96431.12098113634,10000",前海中集国际商务中心,前海中集国际商务中心13栋,CProgress-A,CIM3
时空基础数据,三维模型,建筑三维模型,ZhongjiIBC_T14,"103435.48158562044,94010.17863927409,10000",前海中集国际商务中心,前海中集国际商务中心14栋,CProgress-A,CIM3
时空基础数据,三维模型,建筑三维模型,ZhongjiIBC_T15,"114627.37896945328,89088.91879674047,10000",前海中集国际商务中心,前海中集国际商务中心15栋,CProgress-A,CIM3
时空基础数据,三维模型,建筑三维模型,ZhongjiIBC_T16,"98196.72110811225,89247.66911426559,10000",前海中集国际商务中心,前海中集国际商务中心16栋,CProgress-A,CIM3
时空基础数据,三维模型,建筑三维模型,QHoffice_T01,"75765.30124521232,107818.47969349474,2000",前海管理局,前海管理局1栋,CProgress-E,CIM3
时空基础数据,三维模型,建筑三维模型,QHoffice_T02,"142108.02907564212,14581.64009526372,2000",前海管理局,前海管理局2栋,CProgress-E,CIM3
时空基础数据,三维模型,建筑三维模型,QHoffice_T03,"149093.0430459557,22281.030494207516,2000",前海管理局,前海管理局3栋,CProgress-E,CIM3
时空基础数据,三维模型,建筑三维模型,QHoffice_T04,"146949.91375952377,7091.270947642624,2000",前海管理局,前海管理局4栋,CProgress-E,CIM3
时空基础数据,三维模型,建筑三维模型,QHoffice_T05,"148802.00079706847,9287.317006429657,2000",前海管理局,前海管理局5栋,CProgress-E,CIM3
时空基础数据,三维模型,建筑三维模型,QHoffice_T06,"150680.54622090422,11298.154361452907,2000",前海管理局,前海管理局6栋,CProgress-E,CIM3
时空基础数据,三维模型,建筑三维模型,QHoffice_T07,"152903.05066598812,13758.784282766283,2000",前海管理局,前海管理局7栋,CProgress-E,CIM3
时空基础数据,三维模型,建筑三维模型,QHoffice_T08,"154808.05447601015,15743.163251597434,2000",前海管理局,前海管理局8栋,CProgress-E,CIM3
时空基础数据,三维模型,建筑三维模型,QHoffice_T09,"156924.72537595313,18732.960897916928,2000",前海管理局,前海管理局9栋,CProgress-E,CIM3
时空基础数据,三维模型,建筑三维模型,HuataiUnitedsecuritiesQH_T01,"77803.03796450607,87675.84253456444,10000",华泰联合证券深圳前海总部,华泰证券1栋,CProgress-C,CIM3
时空基础数据,三维模型,建筑三维模型,HuataiUnitedsecuritiesQH_T02,"80025.5424095376,84818.3368195314,10000",华泰联合证券深圳前海总部,华泰证券2栋,CProgress-C,CIM3
时空基础数据,三维模型,建筑三维模型,Longhai_T19,"78794.698281202,73003.07985516265,10000",龙海家园,龙海家园19栋,CProgress-E,CIM3
时空基础数据,三维模型,建筑三维模型,Longhai_T20,"86732.2141563578,80940.59573039412,10000",龙海家园,龙海家园20栋,CProgress-E,CIM3
时空基础数据,三维模型,建筑三维模型,Longhai_T21,"65062.79581724084,89513.11287558638,10000",龙海家园,龙海家园21栋,CProgress-E,CIM3
时空基础数据,三维模型,建筑三维模型,Longhai_T22,"59903.410498361336,89592.48803430237,10000",龙海家园,龙海家园22栋,CProgress-E,CIM3
时空基础数据,三维模型,建筑三维模型,Longhai_T23,"185574.62067172746,267103.73365278356,10000",龙海家园,龙海家园23栋,CProgress-E,CIM3
时空基础数据,三维模型,建筑三维模型,Longhai_T24,"185773.0585686164,247299.63154452853,10000",龙海家园,龙海家园24栋,CProgress-E,CIM3
时空基础数据,三维模型,建筑三维模型,Longhai_T25,"186204.68304294045,214340.94896037132,10000",龙海家园,龙海家园25栋,CProgress-E,CIM3
时空基础数据,三维模型,建筑三维模型,JialiSquare_T02,"27456.874076696113,136985.3227519896,10000",前海嘉里建设广场,前海嘉里建设广场2栋,CProgress-A,CIM3
时空基础数据,三维模型,建筑三维模型,First-AidStation_T01,"-192856.67924727313,-65823.04452834651,2000",救助站,救助站1栋,CProgress-E,CIM3
时空基础数据,三维模型,建筑三维模型,First-AidStation_T02,"-191308.86365153128,-72331.80754589848,2000",救助站,救助站2栋,CProgress-E,CIM3
时空基础数据,三维模型,建筑三维模型,WaterPower,"62199.68268916127,-16544.95106767863,2000",南山污水处理厂,南山污水处理厂,CProgress-E,CIM3
时空基础数据,三维模型,建筑三维模型,Taikang_01,"50862.26418080623,17842.131594661623,10000",深圳前海泰康国际医院,深圳前海泰康国际医院1栋,CProgress-E,CIM5
时空基础数据,三维模型,建筑三维模型,Taikang_02,"38488.99985123426,17004.72367014736,10000",深圳前海泰康国际医院,深圳前海泰康国际医院2栋,CProgress-E,CIM5
时空基础数据,三维模型,建筑三维模型,TrafficCom_TT1,"89815.14767220942,284908.87561924756,10000",前海地铁综合交通枢纽,前海地铁综合交通枢纽T1塔楼,CProgress-E,CIM5
时空基础数据,三维模型,建筑三维模型,Tianjing_T08,"5716.612368682399,13575.50633372739,10000",前海天境花园,前海天境花园8栋,CProgress-E,CIM3
时空基础数据,三维模型,建筑三维模型,Tianjing_T01,"9764.745464891894,18338.01585882902,10000",前海天境花园,前海天境花园1栋,CProgress-E,CIM3
时空基础数据,三维模型,建筑三维模型,Tianjing_T02,"14844.755624880781,14686.758556310087,10000",前海天境花园,前海天境花园2栋,CProgress-E,CIM3
时空基础数据,三维模型,建筑三维模型,Tianjing_T04,"12146.000227349577,3653.6114898510277,10000",前海天境花园,前海天境花园4栋,CProgress-E,CIM3
时空基础数据,三维模型,建筑三维模型,Tianjing_T03,"16194.133323745336,8574.871332431212,10000",前海天境花园,前海天境花园3栋,CProgress-E,CIM3
时空基础数据,三维模型,建筑三维模型,Tianjing_T05,"10161.621258518426,8257.370697520673,10000",前海天境花园,前海天境花园5栋,CProgress-E,CIM3
时空基础数据,三维模型,建筑三维模型,Tianjing_T06,"4843.485622463049,5876.115934969857,10000",前海天境花园,前海天境花园6栋,CProgress-E,CIM3
时空基础数据,三维模型,建筑三维模型,Tianjing_T07,"2303.480542410398,10638.625459978357,10000",前海天境花园,前海天境花园7栋,CProgress-E,CIM3
时空基础数据,三维模型,建筑三维模型,TrafficCom_TT2,"90078.11718503362,275975.2290505916,10000",前海地铁综合交通枢纽,前海地铁综合交通枢纽T2塔楼,CProgress-E,CIM5
时空基础数据,三维模型,建筑三维模型,TrafficCom_TT3,"91822.12312146439,267402.71190553904,28050",前海地铁综合交通枢纽,前海地铁综合交通枢纽T3塔楼,CProgress-E,CIM5
时空基础数据,三维模型,建筑三维模型,TrafficCom_TT4,"93516.68749761884,256187.28186907247,28010.000000000004",前海地铁综合交通枢纽,前海地铁综合交通枢纽T4塔楼,CProgress-E,CIM5
时空基础数据,三维模型,建筑三维模型,TrafficCom_TT5,"92303.79293234437,247244.28690676577,10000",前海地铁综合交通枢纽,前海地铁综合交通枢纽T5塔楼,CProgress-E,CIM5
时空基础数据,三维模型,建筑三维模型,TrafficCom_TT6,"90075.86962895584,236128.89935779385,10000",前海地铁综合交通枢纽,前海地铁综合交通枢纽T6塔楼,CProgress-E,CIM5
时空基础数据,三维模型,建筑三维模型,TrafficCom_TT7,"91504.62248666445,224063.87522770092,10000",前海地铁综合交通枢纽,前海地铁综合交通枢纽T7塔楼,CProgress-E,CIM5
时空基础数据,三维模型,建筑三维模型,TrafficCom_TT10,"93505.096973537,275917.4615735654,10000",前海地铁综合交通枢纽,前海地铁综合交通枢纽T10塔楼,CProgress-E,CIM5
时空基础数据,三维模型,建筑三维模型,Longhai_T26,"184964.8309978249,301273.51529821754,10000",龙海家园,龙海家园26栋,CProgress-E,CIM3
时空基础数据,三维模型,建筑三维模型,TrafficCom_TT8,"78963.34740399616,259147.69539549015,10000",前海地铁综合交通枢纽,前海地铁综合交通枢纽T8塔楼,CProgress-E,CIM5
时空基础数据,三维模型,建筑三维模型,TrafficCom_TT9,"79329.79605346336,234596.2973339483,10000",前海地铁综合交通枢纽,前海地铁综合交通枢纽T9塔楼,CProgress-E,CIM5
时空基础数据,三维模型,建筑三维模型,TrafficCom_TT11,"79093.60155996983,213932.2976725176,10000",前海地铁综合交通枢纽,前海地铁综合交通枢纽T11塔楼,CProgress-E,CIM5
时空基础数据,三维模型,建筑三维模型,Rongxi_T06,"-2807.750512973871,-68630.41311362758,10000",嵘玺家园,嵘玺家园6栋,CProgress-E,CIM3
时空基础数据,三维模型,建筑三维模型,Rongxi_T07,"3330.5950969224796,-72228.75364371575,10000",嵘玺家园,嵘玺家园7栋,CProgress-E,CIM3
时空基础数据,三维模型,建筑三维模型,Rongxi_T08,"8622.272346989485,-74662.9251787439,10000",嵘玺家园,嵘玺家园8栋,CProgress-E,CIM3
时空基础数据,三维模型,建筑三维模型,QHDS_TT3,"116116.05666667456,144132.1606445592,",前海大厦,前海大厦T3栋,CProgress-E,CIM3
时空基础数据,三维模型,建筑三维模型,QHTimes_T13,"168199.39000003505,147247.63562511653,5000",地铁前海时代,地铁前海时代广场13栋,CProgress-E,CIM3
时空基础数据,三维模型,建筑三维模型,MGCnorth_T01,"167525.58309683227,237579.43260865286,1487.48",前海深港青年梦工场北区,前海深港青年梦工场北区1栋,CProgress-E,CIM3
时空基础数据,三维模型,建筑三维模型,MGCnorth_T02,"166652.45635067113,226705.03585976548,1706.0199999999998",前海深港青年梦工场北区,前海深港青年梦工场北区2栋,CProgress-E,CIM3
时空基础数据,三维模型,建筑三维模型,MGCnorth_T03,"168001.8340493436,214163.7607772369,2330.02",前海深港青年梦工场北区,前海深港青年梦工场北区3栋,CProgress-E,CIM3
时空基础数据,三维模型,建筑三维模型,MGCnorth_T04,"150856.79975941894,237103.1816562172,1497.96",前海深港青年梦工场北区,前海深港青年梦工场北区4栋,CProgress-E,CIM3
时空基础数据,三维模型,建筑三维模型,MGCnorth_T06,"150142.4233304744,215671.88879358582,1358.91",前海深港青年梦工场北区,前海深港青年梦工场北区5栋,CProgress-E,CIM3
时空基础数据,三维模型,建筑三维模型,LDY_T01,"203398.74512122478,278814.82757930644,5000",六单元项目,六单元项目1栋,CProgress-A,CIM2
时空基础数据,三维模型,建筑三维模型,LDY_T02,"207420.4198311607,274793.1528690737,5000",六单元项目,六单元项目2栋,CProgress-A,CIM2
时空基础数据,三维模型,建筑三维模型,LDY_T03,"207420.41983122472,265903.1350892503,5000",六单元项目,六单元项目3栋,CProgress-A,CIM2
时空基础数据,三维模型,建筑三维模型,LDY_T04,"202975.41094126063,260823.12492919154,5000",六单元项目,六单元项目4栋,CProgress-A,CIM2
时空基础数据,三维模型,建筑三维模型,LDY_T05,"202552.07676118007,254896.44640912302,5000",六单元项目,六单元项目5栋,CProgress-A,CIM2
时空基础数据,三维模型,建筑三维模型,LDY_T06,"207420.41983136442,250239.77042920887,5000",六单元项目,六单元项目6栋,CProgress-A,CIM2
时空基础数据,三维模型,建筑三维模型,LDY_T07,"209838.71633466915,189120.89819116518,5000",六单元项目,六单元项目7栋,CProgress-A,CIM2
时空基础数据,三维模型,建筑三维模型,LDY_T08,"207722.0454345108,175362.5373411458,5000",六单元项目,六单元项目8栋,CProgress-A,CIM2
时空基础数据,三维模型,建筑三维模型,LDY_T09,"201768.90852821525,163906.05609482154,5000",六单元项目,六单元项目9栋,CProgress-A,CIM2
时空基础数据,三维模型,建筑三维模型,LDY_T10,"201557.24143836414,155756.8731296342,5000",六单元项目,六单元项目10栋,CProgress-A,CIM2
时空基础数据,三维模型,建筑三维模型,LDY_T11,"201451.40789325815,147396.02307472378,5000",六单元项目,六单元项目11栋,CProgress-A,CIM2
时空基础数据,三维模型,建筑三维模型,LDY_T12,"207166.4193231496,135013.49830953404,5000",六单元项目,六单元项目12栋,CProgress-A,CIM2
时空基础数据,三维模型,建筑三维模型,LDY_T13,"201345.5743483326,126229.31407452561,5000",六单元项目,六单元项目13栋,CProgress-A,CIM2
时空基础数据,三维模型,建筑三维模型,SDYschool,"23109.42707681097,-4254.076232854277,2000",前湾十单元学校,十单元学校,CProgress-A,CIM3
时空基础数据,三维模型,建筑三维模型,JialiCenter_T01,"35663.93135244725,150090.9199576825,10000",前海嘉里商务中心,前海嘉里商务中心1栋,CProgress-E,CIM3
时空基础数据,三维模型,建筑三维模型,JialiCenter_T02,"41352.484396251384,123367.94984485023,10000",前海嘉里商务中心,前海嘉里商务中心2栋,CProgress-E,CIM3
时空基础数据,三维模型,建筑三维模型,SJDYschool,"30134.12862585974,-70935.16272134148,2000",妈湾十九单元九年一贯制学校,妈湾十九单元九年一贯制学校,CProgress-A,CIM3
